INSERT INTO languages (id, version, name, iso639_1) VALUES (1, 1, 'Abkhaz', 'ab');
INSERT INTO languages (id, version, name, iso639_1) VALUES (2, 1, 'Afar', 'aa');
INSERT INTO languages (id, version, name, iso639_1) VALUES (3, 1, 'Afrikaans', 'af');
INSERT INTO languages (id, version, name, iso639_1) VALUES (4, 1, 'Akan', 'ak');
INSERT INTO languages (id, version, name, iso639_1) VALUES (5, 1, 'Albanian', 'sq');
INSERT INTO languages (id, version, name, iso639_1) VALUES (6, 1, 'Amharic', 'am');
INSERT INTO languages (id, version, name, iso639_1) VALUES (7, 1, 'Arabic', 'ar');
INSERT INTO languages (id, version, name, iso639_1) VALUES (8, 1, 'Aragonese', 'an');
INSERT INTO languages (id, version, name, iso639_1) VALUES (9, 1, 'Armenian', 'hy');
INSERT INTO languages (id, version, name, iso639_1) VALUES (10, 1, 'Assamese', 'as');
INSERT INTO languages (id, version, name, iso639_1) VALUES (11, 1, 'Avaric', 'av');
INSERT INTO languages (id, version, name, iso639_1) VALUES (12, 1, 'Avestan', 'ae');
INSERT INTO languages (id, version, name, iso639_1) VALUES (13, 1, 'Aymara', 'ay');
INSERT INTO languages (id, version, name, iso639_1) VALUES (14, 1, 'Azerbaijani', 'az');
INSERT INTO languages (id, version, name, iso639_1) VALUES (15, 1, 'Bambara', 'bm');
INSERT INTO languages (id, version, name, iso639_1) VALUES (16, 1, 'Bashkir', 'ba');
INSERT INTO languages (id, version, name, iso639_1) VALUES (17, 1, 'Basque', 'eu');
INSERT INTO languages (id, version, name, iso639_1) VALUES (18, 1, 'Belarusian', 'be');
INSERT INTO languages (id, version, name, iso639_1) VALUES (19, 1, 'Bengali, Bangla', 'bn');
INSERT INTO languages (id, version, name, iso639_1) VALUES (20, 1, 'Bihari', 'bh');
INSERT INTO languages (id, version, name, iso639_1) VALUES (21, 1, 'Bislama', 'bi');
INSERT INTO languages (id, version, name, iso639_1) VALUES (22, 1, 'Bosnian', 'bs');
INSERT INTO languages (id, version, name, iso639_1) VALUES (23, 1, 'Breton', 'br');
INSERT INTO languages (id, version, name, iso639_1) VALUES (24, 1, 'Bulgarian', 'bg');
INSERT INTO languages (id, version, name, iso639_1) VALUES (25, 1, 'Burmese', 'my');
INSERT INTO languages (id, version, name, iso639_1) VALUES (26, 1, 'Catalan', 'ca');
INSERT INTO languages (id, version, name, iso639_1) VALUES (27, 1, 'Chamorro', 'ch');
INSERT INTO languages (id, version, name, iso639_1) VALUES (28, 1, 'Chechen', 'ce');
INSERT INTO languages (id, version, name, iso639_1) VALUES (29, 1, 'Chichewa, Chewa, Nyanja', 'ny');
INSERT INTO languages (id, version, name, iso639_1) VALUES (30, 1, 'Chinese', 'zh');
INSERT INTO languages (id, version, name, iso639_1) VALUES (31, 1, 'Chuvash', 'cv');
INSERT INTO languages (id, version, name, iso639_1) VALUES (32, 1, 'Cornish', 'kw');
INSERT INTO languages (id, version, name, iso639_1) VALUES (33, 1, 'Corsican', 'co');
INSERT INTO languages (id, version, name, iso639_1) VALUES (34, 1, 'Cree', 'cr');
INSERT INTO languages (id, version, name, iso639_1) VALUES (35, 1, 'Croatian', 'hr');
INSERT INTO languages (id, version, name, iso639_1) VALUES (36, 1, 'Czech', 'cs');
INSERT INTO languages (id, version, name, iso639_1) VALUES (37, 1, 'Danish', 'da');
INSERT INTO languages (id, version, name, iso639_1) VALUES (38, 1, 'Divehi, Dhivehi, Maldivian', 'dv');
INSERT INTO languages (id, version, name, iso639_1) VALUES (39, 1, 'Dutch', 'nl');
INSERT INTO languages (id, version, name, iso639_1) VALUES (40, 1, 'Dzongkha', 'dz');
INSERT INTO languages (id, version, name, iso639_1) VALUES (41, 1, 'English', 'en');
INSERT INTO languages (id, version, name, iso639_1) VALUES (42, 1, 'Esperanto', 'eo');
INSERT INTO languages (id, version, name, iso639_1) VALUES (43, 1, 'Estonian', 'et');
INSERT INTO languages (id, version, name, iso639_1) VALUES (44, 1, 'Ewe', 'ee');
INSERT INTO languages (id, version, name, iso639_1) VALUES (45, 1, 'Faroese', 'fo');
INSERT INTO languages (id, version, name, iso639_1) VALUES (46, 1, 'Fijian', 'fj');
INSERT INTO languages (id, version, name, iso639_1) VALUES (47, 1, 'Finnish', 'fi');
INSERT INTO languages (id, version, name, iso639_1) VALUES (48, 1, 'French', 'fr');
INSERT INTO languages (id, version, name, iso639_1) VALUES (49, 1, 'Fula, Fulah, Pulaar, Pular', 'ff');
INSERT INTO languages (id, version, name, iso639_1) VALUES (50, 1, 'Galician', 'gl');
INSERT INTO languages (id, version, name, iso639_1) VALUES (51, 1, 'Georgian', 'ka');
INSERT INTO languages (id, version, name, iso639_1) VALUES (52, 1, 'German', 'de');
INSERT INTO languages (id, version, name, iso639_1) VALUES (53, 1, 'Greek (modern)', 'el');
INSERT INTO languages (id, version, name, iso639_1) VALUES (54, 1, 'Guaraní', 'gn');
INSERT INTO languages (id, version, name, iso639_1) VALUES (55, 1, 'Gujarati', 'gu');
INSERT INTO languages (id, version, name, iso639_1) VALUES (56, 1, 'Haitian, Haitian Creole', 'ht');
INSERT INTO languages (id, version, name, iso639_1) VALUES (57, 1, 'Hausa', 'ha');
INSERT INTO languages (id, version, name, iso639_1) VALUES (58, 1, 'Hebrew (modern)', 'he');
INSERT INTO languages (id, version, name, iso639_1) VALUES (59, 1, 'Herero', 'hz');
INSERT INTO languages (id, version, name, iso639_1) VALUES (60, 1, 'Hindi', 'hi');
INSERT INTO languages (id, version, name, iso639_1) VALUES (61, 1, 'Hiri Motu', 'ho');
INSERT INTO languages (id, version, name, iso639_1) VALUES (62, 1, 'Hungarian', 'hu');
INSERT INTO languages (id, version, name, iso639_1) VALUES (63, 1, 'Interlingua', 'ia');
INSERT INTO languages (id, version, name, iso639_1) VALUES (64, 1, 'Indonesian', 'id');
INSERT INTO languages (id, version, name, iso639_1) VALUES (65, 1, 'Interlingue', 'ie');
INSERT INTO languages (id, version, name, iso639_1) VALUES (66, 1, 'Irish', 'ga');
INSERT INTO languages (id, version, name, iso639_1) VALUES (67, 1, 'Igbo', 'ig');
INSERT INTO languages (id, version, name, iso639_1) VALUES (68, 1, 'Inupiaq', 'ik');
INSERT INTO languages (id, version, name, iso639_1) VALUES (69, 1, 'Ido', 'io');
INSERT INTO languages (id, version, name, iso639_1) VALUES (70, 1, 'Icelandic', 'is');
INSERT INTO languages (id, version, name, iso639_1) VALUES (71, 1, 'Italian', 'it');
INSERT INTO languages (id, version, name, iso639_1) VALUES (72, 1, 'Inuktitut', 'iu');
INSERT INTO languages (id, version, name, iso639_1) VALUES (73, 1, 'Japanese', 'ja');
INSERT INTO languages (id, version, name, iso639_1) VALUES (74, 1, 'Javanese', 'jv');
INSERT INTO languages (id, version, name, iso639_1) VALUES (75, 1, 'Kalaallisut, Greenlandic', 'kl');
INSERT INTO languages (id, version, name, iso639_1) VALUES (76, 1, 'Kannada', 'kn');
INSERT INTO languages (id, version, name, iso639_1) VALUES (77, 1, 'Kanuri', 'kr');
INSERT INTO languages (id, version, name, iso639_1) VALUES (78, 1, 'Kashmiri', 'ks');
INSERT INTO languages (id, version, name, iso639_1) VALUES (79, 1, 'Kazakh', 'kk');
INSERT INTO languages (id, version, name, iso639_1) VALUES (80, 1, 'Khmer', 'km');
INSERT INTO languages (id, version, name, iso639_1) VALUES (81, 1, 'Kikuyu, Gikuyu', 'ki');
INSERT INTO languages (id, version, name, iso639_1) VALUES (82, 1, 'Kinyarwanda', 'rw');
INSERT INTO languages (id, version, name, iso639_1) VALUES (83, 1, 'Kyrgyz', 'ky');
INSERT INTO languages (id, version, name, iso639_1) VALUES (84, 1, 'Komi', 'kv');
INSERT INTO languages (id, version, name, iso639_1) VALUES (85, 1, 'Kongo', 'kg');
INSERT INTO languages (id, version, name, iso639_1) VALUES (86, 1, 'Korean', 'ko');
INSERT INTO languages (id, version, name, iso639_1) VALUES (87, 1, 'Kurdish', 'ku');
INSERT INTO languages (id, version, name, iso639_1) VALUES (88, 1, 'Kwanyama, Kuanyama', 'kj');
INSERT INTO languages (id, version, name, iso639_1) VALUES (89, 1, 'Latin', 'la');
INSERT INTO languages (id, version, name, iso639_1) VALUES (90, 1, 'Luxembourgish, Letzeburgesch', 'lb');
INSERT INTO languages (id, version, name, iso639_1) VALUES (91, 1, 'Ganda', 'lg');
INSERT INTO languages (id, version, name, iso639_1) VALUES (92, 1, 'Limburgish, Limburgan, Limburger', 'li');
INSERT INTO languages (id, version, name, iso639_1) VALUES (93, 1, 'Lingala', 'ln');
INSERT INTO languages (id, version, name, iso639_1) VALUES (94, 1, 'Lao', 'lo');
INSERT INTO languages (id, version, name, iso639_1) VALUES (95, 1, 'Lithuanian', 'lt');
INSERT INTO languages (id, version, name, iso639_1) VALUES (96, 1, 'Luba-Katanga', 'lu');
INSERT INTO languages (id, version, name, iso639_1) VALUES (97, 1, 'Latvian', 'lv');
INSERT INTO languages (id, version, name, iso639_1) VALUES (98, 1, 'Manx', 'gv');
INSERT INTO languages (id, version, name, iso639_1) VALUES (99, 1, 'Macedonian', 'mk');
INSERT INTO languages (id, version, name, iso639_1) VALUES (100, 1, 'Malagasy', 'mg');
INSERT INTO languages (id, version, name, iso639_1) VALUES (101, 1, 'Malay', 'ms');
INSERT INTO languages (id, version, name, iso639_1) VALUES (102, 1, 'Malayalam', 'ml');
INSERT INTO languages (id, version, name, iso639_1) VALUES (103, 1, 'Maltese', 'mt');
INSERT INTO languages (id, version, name, iso639_1) VALUES (104, 1, 'M?ori', 'mi');
INSERT INTO languages (id, version, name, iso639_1) VALUES (105, 1, 'Marathi', 'mr');
INSERT INTO languages (id, version, name, iso639_1) VALUES (106, 1, 'Marshallese', 'mh');
INSERT INTO languages (id, version, name, iso639_1) VALUES (107, 1, 'Mongolian', 'mn');
INSERT INTO languages (id, version, name, iso639_1) VALUES (108, 1, 'Nauruan', 'na');
INSERT INTO languages (id, version, name, iso639_1) VALUES (109, 1, 'Navajo, Navaho', 'nv');
INSERT INTO languages (id, version, name, iso639_1) VALUES (110, 1, 'Northern Ndebele', 'nd');
INSERT INTO languages (id, version, name, iso639_1) VALUES (111, 1, 'Nepali', 'ne');
INSERT INTO languages (id, version, name, iso639_1) VALUES (112, 1, 'Ndonga', 'ng');
INSERT INTO languages (id, version, name, iso639_1) VALUES (113, 1, 'Norwegian Bokmål', 'nb');
INSERT INTO languages (id, version, name, iso639_1) VALUES (114, 1, 'Norwegian Nynorsk', 'nn');
INSERT INTO languages (id, version, name, iso639_1) VALUES (115, 1, 'Norwegian', 'no');
INSERT INTO languages (id, version, name, iso639_1) VALUES (116, 1, 'Nuosu', 'ii');
INSERT INTO languages (id, version, name, iso639_1) VALUES (117, 1, 'Southern Ndebele', 'nr');
INSERT INTO languages (id, version, name, iso639_1) VALUES (118, 1, 'Occitan', 'oc');
INSERT INTO languages (id, version, name, iso639_1) VALUES (119, 1, 'Ojibwe, Ojibwa', 'oj');
INSERT INTO languages (id, version, name, iso639_1) VALUES (120, 1, 'Old Church Slavonic, Church Slavonic, Old Bulgarian', 'cu');
INSERT INTO languages (id, version, name, iso639_1) VALUES (121, 1, 'Oromo', 'om');
INSERT INTO languages (id, version, name, iso639_1) VALUES (122, 1, 'Oriya', 'or');
INSERT INTO languages (id, version, name, iso639_1) VALUES (123, 1, 'Ossetian, Ossetic', 'os');
INSERT INTO languages (id, version, name, iso639_1) VALUES (124, 1, 'Panjabi, Punjabi', 'pa');
INSERT INTO languages (id, version, name, iso639_1) VALUES (125, 1, 'P?li', 'pi');
INSERT INTO languages (id, version, name, iso639_1) VALUES (126, 1, 'Persian (Farsi)', 'fa');
INSERT INTO languages (id, version, name, iso639_1) VALUES (127, 1, 'Polish', 'pl');
INSERT INTO languages (id, version, name, iso639_1) VALUES (128, 1, 'Pashto, Pushto', 'ps');
INSERT INTO languages (id, version, name, iso639_1) VALUES (129, 1, 'Portuguese', 'pt');
INSERT INTO languages (id, version, name, iso639_1) VALUES (130, 1, 'Quechua', 'qu');
INSERT INTO languages (id, version, name, iso639_1) VALUES (131, 1, 'Romansh', 'rm');
INSERT INTO languages (id, version, name, iso639_1) VALUES (132, 1, 'Kirundi', 'rn');
INSERT INTO languages (id, version, name, iso639_1) VALUES (133, 1, 'Reunionese, Reunion Creole', 'rc');
INSERT INTO languages (id, version, name, iso639_1) VALUES (134, 1, 'Romanian', 'ro');
INSERT INTO languages (id, version, name, iso639_1) VALUES (135, 1, 'Russian', 'ru');
INSERT INTO languages (id, version, name, iso639_1) VALUES (136, 1, 'Sanskrit', 'sa');
INSERT INTO languages (id, version, name, iso639_1) VALUES (137, 1, 'Sardinian', 'sc');
INSERT INTO languages (id, version, name, iso639_1) VALUES (138, 1, 'Sindhi', 'sd');
INSERT INTO languages (id, version, name, iso639_1) VALUES (139, 1, 'Northern Sami', 'se');
INSERT INTO languages (id, version, name, iso639_1) VALUES (140, 1, 'Samoan', 'sm');
INSERT INTO languages (id, version, name, iso639_1) VALUES (141, 1, 'Sango', 'sg');
INSERT INTO languages (id, version, name, iso639_1) VALUES (142, 1, 'Serbian', 'sr');
INSERT INTO languages (id, version, name, iso639_1) VALUES (143, 1, 'Scottish Gaelic, Gaelic', 'gd');
INSERT INTO languages (id, version, name, iso639_1) VALUES (144, 1, 'Shona', 'sn');
INSERT INTO languages (id, version, name, iso639_1) VALUES (145, 1, 'Sinhalese, Sinhala', 'si');
INSERT INTO languages (id, version, name, iso639_1) VALUES (146, 1, 'Slovak', 'sk');
INSERT INTO languages (id, version, name, iso639_1) VALUES (147, 1, 'Slovene', 'sl');
INSERT INTO languages (id, version, name, iso639_1) VALUES (148, 1, 'Somali', 'so');
INSERT INTO languages (id, version, name, iso639_1) VALUES (149, 1, 'Southern Sotho', 'st');
INSERT INTO languages (id, version, name, iso639_1) VALUES (150, 1, 'Spanish', 'es');
INSERT INTO languages (id, version, name, iso639_1) VALUES (151, 1, 'Sundanese', 'su');
INSERT INTO languages (id, version, name, iso639_1) VALUES (152, 1, 'Swahili', 'sw');
INSERT INTO languages (id, version, name, iso639_1) VALUES (153, 1, 'Swati', 'ss');
INSERT INTO languages (id, version, name, iso639_1) VALUES (154, 1, 'Swedish', 'sv');
INSERT INTO languages (id, version, name, iso639_1) VALUES (155, 1, 'Tamil', 'ta');
INSERT INTO languages (id, version, name, iso639_1) VALUES (156, 1, 'Telugu', 'te');
INSERT INTO languages (id, version, name, iso639_1) VALUES (157, 1, 'Tajik', 'tg');
INSERT INTO languages (id, version, name, iso639_1) VALUES (158, 1, 'Thai', 'th');
INSERT INTO languages (id, version, name, iso639_1) VALUES (159, 1, 'Tigrinya', 'ti');
INSERT INTO languages (id, version, name, iso639_1) VALUES (160, 1, 'Tibetan Standard, Tibetan, Central', 'bo');
INSERT INTO languages (id, version, name, iso639_1) VALUES (161, 1, 'Turkmen', 'tk');
INSERT INTO languages (id, version, name, iso639_1) VALUES (162, 1, 'Tagalog', 'tl');
INSERT INTO languages (id, version, name, iso639_1) VALUES (163, 1, 'Tswana', 'tn');
INSERT INTO languages (id, version, name, iso639_1) VALUES (164, 1, 'Tonga (Tonga Islands)', 'to');
INSERT INTO languages (id, version, name, iso639_1) VALUES (165, 1, 'Turkish', 'tr');
INSERT INTO languages (id, version, name, iso639_1) VALUES (166, 1, 'Tsonga', 'ts');
INSERT INTO languages (id, version, name, iso639_1) VALUES (167, 1, 'Tatar', 'tt');
INSERT INTO languages (id, version, name, iso639_1) VALUES (168, 1, 'Twi', 'tw');
INSERT INTO languages (id, version, name, iso639_1) VALUES (169, 1, 'Tahitian', 'ty');
INSERT INTO languages (id, version, name, iso639_1) VALUES (170, 1, 'Uyghur', 'ug');
INSERT INTO languages (id, version, name, iso639_1) VALUES (171, 1, 'Ukrainian', 'uk');
INSERT INTO languages (id, version, name, iso639_1) VALUES (172, 1, 'Urdu', 'ur');
INSERT INTO languages (id, version, name, iso639_1) VALUES (173, 1, 'Uzbek', 'uz');
INSERT INTO languages (id, version, name, iso639_1) VALUES (174, 1, 'Venda', 've');
INSERT INTO languages (id, version, name, iso639_1) VALUES (175, 1, 'Vietnamese', 'vi');
INSERT INTO languages (id, version, name, iso639_1) VALUES (176, 1, 'Volapük', 'vo');
INSERT INTO languages (id, version, name, iso639_1) VALUES (177, 1, 'Walloon', 'wa');
INSERT INTO languages (id, version, name, iso639_1) VALUES (178, 1, 'Welsh', 'cy');
INSERT INTO languages (id, version, name, iso639_1) VALUES (179, 1, 'Wolof', 'wo');
INSERT INTO languages (id, version, name, iso639_1) VALUES (180, 1, 'Western Frisian', 'fy');
INSERT INTO languages (id, version, name, iso639_1) VALUES (181, 1, 'Xhosa', 'xh');
INSERT INTO languages (id, version, name, iso639_1) VALUES (182, 1, 'Yiddish', 'yi');
INSERT INTO languages (id, version, name, iso639_1) VALUES (183, 1, 'Yoruba', 'yo');
INSERT INTO languages (id, version, name, iso639_1) VALUES (184, 1, 'Zhuang, Chuang', 'za');
INSERT INTO languages (id, version, name, iso639_1) VALUES (185, 1, 'Zulu', 'zu');

INSERT INTO language_locales (id, version, locale) VALUES (1,1,'en');
INSERT INTO language_locales (id, version, locale) VALUES (2,1,'en_GB');
INSERT INTO language_locales (id, version, locale) VALUES (3,1,'en_US');
INSERT INTO language_locales (id, version, locale) VALUES (4,1,'de');
INSERT INTO language_locales (id, version, locale) VALUES (5,1,'de_AT');
INSERT INTO language_locales (id, version, locale) VALUES (6,1,'de_CH');
INSERT INTO language_locales (id, version, locale) VALUES (7,1,'de_DE');
INSERT INTO language_locales (id, version, locale) VALUES (8,1,'es');
INSERT INTO language_locales (id, version, locale) VALUES (9,1,'es_ES');
INSERT INTO language_locales (id, version, locale) VALUES (10,1,'fr');
INSERT INTO language_locales (id, version, locale) VALUES (11,1,'fr_BE');
INSERT INTO language_locales (id, version, locale) VALUES (12,1,'fr_CH');
INSERT INTO language_locales (id, version, locale) VALUES (13,1,'fr_FR');
INSERT INTO language_locales (id, version, locale) VALUES (14,1,'it');
INSERT INTO language_locales (id, version, locale) VALUES (15,1,'it_IT');
INSERT INTO language_locales (id, version, locale) VALUES (16,1,'nl');
INSERT INTO language_locales (id, version, locale) VALUES (17,1,'nl_BE');
INSERT INTO language_locales (id, version, locale) VALUES (18,1,'nl_NL');

INSERT INTO bundle_applications (id, version, name, default_locale_id) VALUES (1, 1, 'AwesomeApp', 1);

INSERT INTO basenames (id, version, name) VALUES (1,1,'base-resource-bundles');
INSERT INTO basenames (id, version, name) VALUES (2,1,'test');

INSERT INTO bundlenames (id, version, base_name_id, locale_id, owner_id) VALUES (1, 1, 1, 1, 1);
INSERT INTO bundlenames (id, version, base_name_id, locale_id, owner_id) VALUES (2, 1, 1, 2, 1);
INSERT INTO bundlenames (id, version, base_name_id, locale_id, owner_id) VALUES (3, 1, 2, 1, 1);
INSERT INTO bundlenames (id, version, base_name_id, locale_id, owner_id) VALUES (4, 1, 2, 3, 1);

INSERT INTO properties_keys (id, version, name) VALUES (1, 1, 'resource.bundles.test.label');
INSERT INTO properties_keys (id, version, name) VALUES (2, 1, 'com.example.gui.window.buttons.save');
INSERT INTO properties_keys (id, version, name) VALUES (3, 1, 'com.example.gui.window.title');
INSERT INTO properties_keys (id, version, name) VALUES (4, 1, 'com.example.gui.prop.with.params.label');
INSERT INTO properties_keys (id, version, name) VALUES (5, 1, 'com.example.gui.window.buttons.cancel');

INSERT INTO resourcebundles (id, version, properties_key_id, value, bundlename_id) VALUES (1, 1, 1, 'Erstes label', 1);
INSERT INTO resourcebundles (id, version, properties_key_id, value, bundlename_id) VALUES (2, 1, 1, 'First label', 2);
INSERT INTO resourcebundles (id, version, properties_key_id, value, bundlename_id) VALUES (3, 1, 2, 'Speichern', 3);
INSERT INTO resourcebundles (id, version, properties_key_id, value, bundlename_id) VALUES (4, 1, 3, 'Hallo, dort!', 3);
INSERT INTO resourcebundles (id, version, properties_key_id, value, bundlename_id) VALUES (5, 1, 4, 'Hallo ich bin {0} und komme aus {1}.', 3);
INSERT INTO resourcebundles (id, version, properties_key_id, value, bundlename_id) VALUES (6, 1, 5, 'Abbrechen', 3);
INSERT INTO resourcebundles (id, version, properties_key_id, value, bundlename_id) VALUES (7, 1, 2, 'Save', 4);
INSERT INTO resourcebundles (id, version, properties_key_id, value, bundlename_id) VALUES (8, 1, 3, 'Hello, there!', 4);
INSERT INTO resourcebundles (id, version, properties_key_id, value, bundlename_id) VALUES (9, 1, 4, 'Hello i am {0} and i come from {1}.', 4);
INSERT INTO resourcebundles (id, version, properties_key_id, value, bundlename_id) VALUES (10, 1, 5, 'Cancel', 4);
